Workbook

Sheet UTAB
B2: ROL DE VACACIONES DE LOS SERVIDORES DEL PROGRAMA JUNTOS PARA EL AÑO 2025
A3: ANEXO N° 02 - UNIDAD TERRITORIAL AMAZONAS BAGUA
A5: Nota: 1.- Toda programación completa o fraccionada que culmine en día viernes deberá computar el sábado y domingo continuo (no puede culminar en día viernes o sábado). 2.- No se considerarán programaciones de días hábiles, debido a que estan sujetos a la suscripción previa del acuerdo entre empleado y empleador.
A7: N° | B7: UNIDAD TERRITORIAL | C7: DNI | D7: APELLIDOS Y NOMBRES | E7: FECHA DE INGRESO | F7: CARGO | G7: PERIODO VACACIONAL | H7: DESDE | I7: HASTA | J7: TOTAL DIAS | K7: ULTIMO DÍA | L7: OBSERVACIÓN
A8: 1 | B8: UT AMAZONAS BAGUA | C8: 70080622 | D8: ACHA GUERRERO DAVID DENISS | E8: 42522 | F8: GESTOR LOCAL | G8: 2024-2025 | H8: 45867 | I8: 45881 | J8: =+I8-H8+1 -> 15 | K8: =TEXT(I8,"dddd") -> martes
A9: 1 | B9: UT AMAZONAS BAGUA | C9: 70080622 | D9: ACHA GUERRERO DAVID DENISS | E9: 42522 | F9: GESTOR LOCAL | G9: 2024-2026 | H9: 46104 | I9: 46118 | J9: =+I9-H9+1 -> 15 | K9: =TEXT(I9,"dddd") -> lunes | L9: 2 REPROGRAMACIÓN
A10: 2 | B10: UT AMAZONAS BAGUA | C10: 08570047 | D10: AGUEDO CARBAJAL HUGO WILLIAM | E10: 42255 | F10: COORDINADOR TÉCNICO ZONAL | G10: 2024-2025 | H10: 45733 | I10: 45735 | J10: =+I10-H10+1 -> 3 | K10: =TEXT(I10,"dddd") -> miércoles
A11: 2 | B11: UT AMAZONAS BAGUA | C11: 08570047 | D11: AGUEDO CARBAJAL HUGO WILLIAM | E11: 42255 | F11: COORDINADOR TÉCNICO ZONAL | G11: 2024-2025 | H11: 45945 | I11: 45971 | J11: =+I11-H11+1 -> 27 | K11: =TEXT(I11,"dddd") -> lunes
A12: 3 | B12: UT AMAZONAS BAGUA | C12: 47014600 | D12: BERNILLA SANCHEZ JULIO CESAR | E12: 44621 | F12: GESTOR LOCAL | G12: 2024-2025 | H12: 45659 | I12: 45673 | J12: =+I12-H12+1 -> 15 | K12: =TEXT(I12,"dddd") -> jueves
A13: 3 | B13: UT AMAZONAS BAGUA | C13: 47014600 | D13: BERNILLA SANCHEZ JULIO CESAR | E13: 44621 | F13: GESTOR LOCAL | G13: 2024-2025 | H13: 45868 | I13: 45876 | J13: =+I13-H13+1 -> 9 | K13: =TEXT(I13,"dddd") -> jueves
A14: 3 | B14: UT AMAZONAS BAGUA | C14: 47014600 | D14: BERNILLA SANCHEZ JULIO CESAR | E14: 44621 | F14: GESTOR LOCAL | G14: 2024-2025 | H14: 45973 | I14: 45978 | J14: =+I14-H14+1 -> 6 | K14: =TEXT(I14,"dddd") -> lunes
A15: 4 | B15: UT AMAZONAS BAGUA | C15: 33781322 | D15: CACHAY VELA NERY MARLENITA | E15: 41229 | F15: GESTOR LOCAL | G15: 2024-2025 | H15: 45908 | I15: 45915 | J15: =+I15-H15+1 -> 8 | K15: =TEXT(I15,"dddd") -> lunes
A16: 4 | B16: UT AMAZONAS BAGUA | C16: 33781322 | D16: CACHAY VELA NERY MARLENITA | E16: 41229 | F16: GESTOR LOCAL | G16: 2024-2025 | H16: 46069 | I16: 46083 | J16: =+I16-H16+1 -> 15 | K16: =TEXT(I16,"dddd") -> lunes | L16: 3 REPROGRAMACIÓN
A17: 4 | B17: UT AMAZONAS BAGUA | C17: 33781322 | D17: CACHAY VELA NERY MARLENITA | E17: 41229 | F17: GESTOR LOCAL | G17: 2024-2025 | H17: 46272 | I17: 46278 | J17: =+I17-H17+1 -> 7 | K17: =TEXT(I17,"dddd") -> domingo | L17: 3 REPROGRAMACIÓN
A18: 5 | B18: UT AMAZONAS BAGUA | C18: 44858245 | D18: CALDERON SERVAN MILAGRITOS SOLEDAD | E18: 43313 | F18: GESTOR LOCAL | G18: 2024-2025 | H18: 45870 | I18: 45876 | J18: =+I18-H18+1 -> 7 | K18: =TEXT(I18,"dddd") -> jueves
A19: 5 | B19: UT AMAZONAS BAGUA | C19: 44858245 | D19: CALDERON SERVAN MILAGRITOS SOLEDAD | E19: 43313 | F19: GESTOR LOCAL | G19: 2024-2025 | H19: 46020 | I19: 46042 | J19: =+I19-H19+1 -> 23 | K19: =TEXT(I19,"dddd") -> martes
A20: 6 | B20: UT AMAZONAS BAGUA | C20: 33827197 | D20: CARRANZA ALARCON ISAIAS | E20: 41944 | F20: GESTOR LOCAL | G20: 2024-2025 | H20: 45659 | I20: 45680 | J20: =+I20-H20+1 -> 22 | K20: =TEXT(I20,"dddd") -> jueves
A21: 6 | B21: UT AMAZONAS BAGUA | C21: 33827197 | D21: CARRANZA ALARCON ISAIAS | E21: 41944 | F21: GESTOR LOCAL | G21: 2024-2025 | H21: 45706 | I21: 45707 | J21: =+I21-H21+1 -> 2 | K21: =TEXT(I21,"dddd") -> miércoles
A22: 6 | B22: UT AMAZONAS BAGUA | C22: 33827197 | D22: CARRANZA ALARCON ISAIAS | E22: 41944 | F22: GESTOR LOCAL | G22: 2024-2025 | H22: 45874 | I22: 45879 | J22: =+I22-H22+1 -> 6 | K22: =TEXT(I22,"dddd") -> domingo
A23: 7 | B23: UT AMAZONAS BAGUA | C23: 18142350 | D23: CARRASCAL CUEVA SANDRA ANGHELINA | E23: 42795 | F23: COMUNICADOR | G23: 2024-2025 | H23: 45898 | I23: 45900 | J23: =+I23-H23+1 -> 3 | K23: =TEXT(I23,"dddd") -> domingo
A24: 7 | B24: UT AMAZONAS BAGUA | C24: 18142350 | D24: CARRASCAL CUEVA SANDRA ANGHELINA | E24: 42795 | F24: COMUNICADOR | G24: 2024-2025 | H24: 45967 | I24: 45978 | J24: =+I24-H24+1 -> 12 | K24: =TEXT(I24,"dddd") -> lunes | L24: 2 REPROGRAMACIÓN
A25: 7 | B25: UT AMAZONAS BAGUA | C25: 18142350 | D25: CARRASCAL CUEVA SANDRA ANGHELINA | E25: 42795 | F25: COMUNICADOR | G25: 2024-2025 | H25: 46041 | I25: 46047 | J25: =+I25-H25+1 -> 7 | K25: =TEXT(I25,"dddd") -> domingo | L25: 2 REPROGRAMACIÓN
A26: 7 | B26: UT AMAZONAS BAGUA | C26: 18142350 | D26: CARRASCAL CUEVA SANDRA ANGHELINA | E26: 42795 | F26: COMUNICADOR | G26: 2024-2025 | H26: 46118 | I26: 46125 | J26: =+I26-H26+1 -> 8 | K26: =TEXT(I26,"dddd") -> lunes | L26: 3 REPROGRAMACIÓN
A27: 8 | B27: UT AMAZONAS BAGUA | C27: 44620331 | D27: CHAVEZ TORREJON LENER | E27: 42348 | F27: GESTOR LOCAL | G27: 2024-2025 | H27: 46013 | I27: 46027 | J27: =+I27-H27+1 -> 15 | K27: =TEXT(I27,"dddd") -> lunes | L27: 1 REPROGRAMADO
A28: 8 | B28: UT AMAZONAS BAGUA | C28: 44620331 | D28: CHAVEZ TORREJON LENER | E28: 42348 | F28: GESTOR LOCAL | G28: 2024-2025 | H28: 46113 | I28: 46127 | J28: =+I28-H28+1 -> 15 | K28: =TEXT(I28,"dddd") -> miércoles | L28: 1 REPROGRAMADO
A29: 9 | B29: UT AMAZONAS BAGUA | C29: 47191455 | D29: CORDOVA MARTINEZ DIANA CAROLINA | E29: 44853 | F29: GESTOR LOCAL - ZONA ALEJADA | G29: 2024-2025 | H29: 45658 | I29: 45672 | J29: =+I29-H29+1 -> 15 | K29: =TEXT(I29,"dddd") -> miércoles
A30: 9 | B30: UT AMAZONAS BAGUA | C30: 47191455 | D30: CORDOVA MARTINEZ DIANA CAROLINA | E30: 44853 | F30: GESTOR LOCAL - ZONA ALEJADA | G30: 2024-2025 | H30: 46013 | I30: 46027 | J30: =+I30-H30+1 -> 15 | K30: =TEXT(I30,"dddd") -> lunes | L30: 1 REPROGRAMACIÓN
A31: 10 | B31: UT AMAZONAS BAGUA | C31: 46826581 | D31: CORDOVA ROSALES VICTOR BERTIN | E31: 44200 | F31: GESTOR LOCAL | G31: 2024-2025 | H31: 45659 | I31: 45673 | J31: =+I31-H31+1 -> 15 | K31: =TEXT(I31,"dddd") -> jueves
A32: 10 | B32: UT AMAZONAS BAGUA | C32: 46826581 | D32: CORDOVA ROSALES VICTOR BERTIN | E32: 44200 | F32: GESTOR LOCAL | G32: 2024-2025 | H32: 45901 | I32: 45915 | J32: =+I32-H32+1 -> 15 | K32: =TEXT(I32,"dddd") -> lunes
A33: 11 | B33: UT AMAZONAS BAGUA | C33: 46282107 | D33: CUEVA ALVAREZ RUTH YESSENIA | E33: 42373 | F33: TECNICO DE ORIENTACION Y ATENCION AL USUARIO | G33: 2024-2025 | H33: 45728 | I33: 45734 | J33: =+I33-H33+1 -> 7 | K33: =TEXT(I33,"dddd") -> martes
A34: 11 | B34: UT AMAZONAS BAGUA | C34: 46282107 | D34: CUEVA ALVAREZ RUTH YESSENIA | E34: 42373 | F34: TECNICO DE ORIENTACION Y ATENCION AL USUARIO | G34: 2024-2025 | H34: 45782 | I34: 45788 | J34: =+I34-H34+1 -> 7 | K34: =TEXT(I34,"dddd") -> domingo
A35: 11 | B35: UT AMAZONAS BAGUA | C35: 46282107 | D35: CUEVA ALVAREZ RUTH YESSENIA | E35: 42373 | F35: TECNICO DE ORIENTACION Y ATENCION AL USUARIO | G35: 2024-2025 | H35: 45868 | I35: 45874 | J35: =+I35-H35+1 -> 7 | K35: =TEXT(I35,"dddd") -> martes
A36: 11 | B36: UT AMAZONAS BAGUA | C36: 46282107 | D36: CUEVA ALVAREZ RUTH YESSENIA | E36: 42373 | F36: TECNICO DE ORIENTACION Y ATENCION AL USUARIO | G36: 2024-2025 | H36: 46014 | I36: 46022 | J36: =+I36-H36+1 -> 9 | K36: =TEXT(I36,"dddd") -> miércoles
A37: 12 | B37: UT AMAZONAS BAGUA | C37: 43209768 | D37: DAVILA BRAVO LIZ MARICLER | E37: 42737 | F37: GESTOR LOCAL | G37: 2024-2025 | H37: 45659 | I37: 45666 | J37: =+I37-H37+1 -> 8 | K37: =TEXT(I37,"dddd") -> jueves
A38: 12 | B38: UT AMAZONAS BAGUA | C38: 43209769 | D38: DAVILA BRAVO LIZ MARICLER | E38: 42737 | F38: GESTOR LOCAL | G38: 2024-2025 | H38: 45733 | I38: 45747 | J38: =+I38-H38+1 -> 15 | K38: =TEXT(I38,"dddd") -> lunes
A39: 12 | B39: UT AMAZONAS BAGUA | C39: 43209770 | D39: DAVILA BRAVO LIZ MARICLER | E39: 42737 | F39: GESTOR LOCAL | G39: 2024-2025 | H39: 45911 | I39: 45917 | J39: =+I39-H39+1 -> 7 | K39: =TEXT(I39,"dddd") -> miércoles
A40: 13 | B40: UT AMAZONAS BAGUA | C40: 45021141 | D40: DELGADO CASTAÑEDA EDWIN ROY | E40: 44601 | F40: GESTOR DE INFORMACIÓN | G40: 2024-2025 | H40: 45698 | I40: 45711 | J40: =+I40-H40+1 -> 14 | K40: =TEXT(I40,"dddd") -> domingo
A41: 13 | B41: UT AMAZONAS BAGUA | C41: 45021141 | D41: DELGADO CASTAÑEDA EDWIN ROY | E41: 44601 | F41: GESTOR DE INFORMACIÓN | G41: 2024-2025 | H41: 45873 | I41: 45879 | J41: =+I41-H41+1 -> 7 | K41: =TEXT(I41,"dddd") -> domingo
A42: 13 | B42: UT AMAZONAS BAGUA | C42: 45021141 | D42: DELGADO CASTAÑEDA EDWIN ROY | E42: 44601 | F42: GESTOR DE INFORMACIÓN | G42: 2024-2025 | H42: 46013 | I42: 46015 | J42: =+I42-H42+1 -> 3 | K42: =TEXT(I42,"dddd") -> miércoles
... A45: 14 | B45: UT AMAZONAS BAGUA | C45: 48273365 | D45: EPIQUIEN TORREJON NESTOR CLAUMER | E45: 43193 | F45: GESTOR LOCAL | G45: 2024-2025 | H45: 46013 | I45: 46027 | J45: =+I45-H45+1 -> 15 | K45: =TEXT(I45,"dddd") -> lunes
A46: 14 | B46: UT AMAZONAS BAGUA | C46: 48273365 | D46: EPIQUIEN TORREJON NESTOR CLAUMER | E46: 43193 | F46: GESTOR LOCAL | G46: 2024-2025 | H46: 46083 | I46: 46089 | J46: 7 | K46: =TEXT(I46,"dddd") -> domingo | L46: FALTA PROGRAMAR
A47: 15 | B47: UT AMAZONAS BAGUA | C47: 33761726 | D47: ESPEJO SECUTA DAVID | E47: 41122 | F47: GESTOR LOCAL | G47: 2024-2025 | H47: 45659 | I47: 45673 | J47: =+I47-H47+1 -> 15 | K47: =TEXT(I47,"dddd") -> jueves
A48: 15 | B48: UT AMAZONAS BAGUA | C48: 33761726 | D48: ESPEJO SECUTA DAVID | E48: 41122 | F48: GESTOR LOCAL | G48: 2024-2025 | H48: 45873 | I48: 45887 | J48: =+I48-H48+1 -> 15 | K48: =TEXT(I48,"dddd") -> lunes
A49: 16 | B49: UT AMAZONAS BAGUA | C49: 42966029 | D49: FERNANDEZ SANCHEZ VICTOR RAUL | E49: 43193 | F49: GESTOR LOCAL | G49: 2024-2025 | H49: 45698 | I49: 45712 | J49: =+I49-H49+1 -> 15 | K49: =TEXT(I49,"dddd") -> lunes
A50: 16 | B50: UT AMAZONAS BAGUA | C50: 42966029 | D50: FERNANDEZ SANCHEZ VICTOR RAUL | E50: 43193 | F50: GESTOR LOCAL | G50: 2024-2025 | H50: 45785 | I50: 45791 | J50: =+I50-H50+1 -> 7 | K50: =TEXT(I50,"dddd") -> miércoles
A51: 16 | B51: UT AMAZONAS BAGUA | C51: 42966029 | D51: FERNANDEZ SANCHEZ VICTOR RAUL | E51: 43193 | F51: GESTOR LOCAL | G51: 2024-2025 | H51: 45845 | I51: 45846 | J51: =+I51-H51+1 -> 2 | K51: =TEXT(I51,"dddd") -> martes | L51: FRACCIONAMIENTO
A52: 16 | B52: UT AMAZONAS BAGUA | C52: 42966029 | D52: FERNANDEZ SANCHEZ VICTOR RAUL | E52: 43193 | F52: GESTOR LOCAL | G52: 2024-2025 | H52: 45903 | I52: 45908 | J52: =+I52-H52+1 -> 6 | K52: =TEXT(I52,"dddd") -> lunes | L52: FRACCIONAMIENTO
A53: 17 | B53: UT AMAZONAS BAGUA | C53: 44684018 | D53: GOMEZ VELAYSOSA ELFERES | E53: 44929 | F53: GESTOR LOCAL | G53: 2024-2025 | H53: 45868 | I53: 45879 | J53: =+I53-H53+1 -> 12 | K53: =TEXT(I53,"dddd") -> domingo
A54: 17 | B54: UT AMAZONAS BAGUA | C54: 44684018 | D54: GOMEZ VELAYSOSA ELFERES | E54: 44929 | F54: GESTOR LOCAL | G54: 2024-2025 | H54: 46017 | I54: 46035 | J54: =+I54-H54+1 -> 19 | K54: =TEXT(I54,"dddd") -> martes | L54: 2 REPROGRAMACIÓN
A55: 18 | B55: UT AMAZONAS BAGUA | C55: 60355224 | D55: GONZALES QUINTANA KELLY MELISSA | E55: 45232 | F55: ASISTENTE ADMINISTRATIVO | G55: 2024-2024 | H55: 45503 | I55: 45509 | J55: =+I55-H55+1 -> 7 | K55: =TEXT(I55,"dddd") -> lunes
A56: 18 | B56: UT AMAZONAS BAGUA | C56: 60355225 | D56: GONZALES QUINTANA KELLY MELISSA | E56: 45232 | F56: ASISTENTE ADMINISTRATIVO | G56: 2024-2025 | H56: 45701 | I56: 45708 | J56: =+I56-H56+1 -> 8 | K56: =TEXT(I56,"dddd") -> jueves
A57: 18 | B57: UT AMAZONAS BAGUA | C57: 60355225 | D57: GONZALES QUINTANA KELLY MELISSA | E57: 45232 | F57: ASISTENTE ADMINISTRATIVO | G57: 2024-2025 | H57: 45876 | I57: 45882 | J57: =+I57-H57+1 -> 7 | K57: =TEXT(I57,"dddd") -> miércoles
A58: 18 | B58: UT AMAZONAS BAGUA | C58: 60355225 | D58: GONZALES QUINTANA KELLY MELISSA | E58: 45232 | F58: ASISTENTE ADMINISTRATIVO | G58: 2024-2025 | H58: 46015 | I58: 46022 | J58: =+I58-H58+1 -> 8 | K58: =TEXT(I58,"dddd") -> miércoles
A59: 19 | B59: UT AMAZONAS BAGUA | C59: 70087004 | D59: GUERRERO RIOJAS HARWIN EDUARDO | E59: 43605 | F59: GESTOR LOCAL | G59: 2024-2025 | H59: 45845 | I59: 45854 | J59: =+I59-H59+1 -> 10 | K59: =TEXT(I59,"dddd") -> miércoles
A60: 19 | B60: UT AMAZONAS BAGUA | C60: 70087004 | D60: GUERRERO RIOJAS HARWIN EDUARDO | E60: 43605 | F60: GESTOR LOCAL | G60: 2024-2025 | H60: 45905 | I60: 45914 | J60: =+I60-H60+1 -> 10 | K60: =TEXT(I60,"dddd") -> domingo
A61: 19 | B61: UT AMAZONAS BAGUA | C61: 70087004 | D61: GUERRERO RIOJAS HARWIN EDUARDO | E61: 43605 | F61: GESTOR LOCAL | G61: 2024-2025 | H61: 46010 | I61: 46019 | J61: =+I61-H61+1 -> 10 | K61: =TEXT(I61,"dddd") -> domingo
A62: 20 | B62: UT AMAZONAS BAGUA | C62: 42001203 | D62: GUEVARA GARCIA YULI ELIZABETH | E62: 44914 | F62: GESTOR LOCAL | G62: 2024-2025 | H62: 45659 | I62: 45673 | J62: =+I62-H62+1 -> 15 | K62: =TEXT(I62,"dddd") -> jueves
A63: 20 | B63: UT AMAZONAS BAGUA | C63: 42001203 | D63: GUEVARA GARCIA YULI ELIZABETH | E63: 44914 | F63: GESTOR LOCAL | G63: 2024-2025 | H63: 45908 | I63: 45914 | J63: =+I63-H63+1 -> 7 | K63: =TEXT(I63,"dddd") -> domingo
A64: 20 | B64: UT AMAZONAS BAGUA | C64: 42001203 | D64: GUEVARA GARCIA YULI ELIZABETH | E64: 44914 | F64: GESTOR LOCAL | G64: 2024-2025 | H64: 46023 | I64: 46030 | J64: =+I64-H64+1 -> 8 | K64: =TEXT(I64,"dddd") -> jueves
A65: 21 | B65: UT AMAZONAS BAGUA | C65: 45328152 | D65: GUEVARA GUEVARA FRANCO NAPOLEON | E65: 41821 | F65: GESTOR LOCAL | G65: 2024-2025 | H65: 45936 | I65: 45950 | J65: =+I65-H65+1 -> 15 | K65: =TEXT(I65,"dddd") -> lunes
A66: 21 | B66: UT AMAZONAS BAGUA | C66: 45328152 | D66: GUEVARA GUEVARA FRANCO NAPOLEON | E66: 41821 | F66: GESTOR LOCAL | G66: 2024-2025 | H66: 46034 | I66: 46040 | J66: =+I66-H66+1 -> 7 | K66: =TEXT(I66,"dddd") -> domingo | L66: 2 REPROGRAMACIÓN
A67: 21 | B67: UT AMAZONAS BAGUA | C67: 45328152 | D67: GUEVARA GUEVARA FRANCO NAPOLEON | E67: 41821 | F67: GESTOR LOCAL | G67: 2024-2025 | H67: 46069 | I67: 46076 | J67: =+I67-H67+1 -> 8 | K67: =TEXT(I67,"dddd") -> lunes | L67: 2 REPROGRAMACIÓN
A68: 22 | B68: UT AMAZONAS BAGUA | C68: 46358139 | D68: HUAMAN SOROE MILAGROS | E68: 43313 | F68: GESTOR LOCAL | G68: 2024-2025 | H68: 45733 | I68: 45741 | J68: =+I68-H68+1 -> 9 | K68: =TEXT(I68,"dddd") -> martes
A69: 22 | B69: UT AMAZONAS BAGUA | C69: 46358139 | D69: HUAMAN SOROE MILAGROS | E69: 43313 | F69: GESTOR LOCAL | G69: 2024-2025 | H69: 45873 | I69: 45887 | J69: =+I69-H69+1 -> 15 | K69: =TEXT(I69,"dddd") -> lunes
A70: 22 | B70: UT AMAZONAS BAGUA | C70: 46358139 | D70: HUAMAN SOROE MILAGROS | E70: 43313 | F70: GESTOR LOCAL | G70: 2024-2025 | H70: 45972 | I70: 45977 | J70: =+I70-H70+1 -> 6 | K70: =TEXT(I70,"dddd") -> domingo
A71: 23 | B71: UT AMAZONAS BAGUA | C71: 46091093 | D71: JIMENEZ RODRIGUEZ OMAR ALEJANDRO | E71: 41913 | F71: GESTOR LOCAL | G71: 2024-2025 | H71: 45957 | I71: 45966 | J71: =+I71-H71+1 -> 10 | K71: =TEXT(I71,"dddd") -> miércoles | L71: LOS DÍAS DE LA LSG SE TOMARAN DEL PERIODO 2025-2026
A72: 23 | B72: UT AMAZONAS BAGUA | C72: 46091093 | D72: JIMENEZ RODRIGUEZ OMAR ALEJANDRO | E72: 41913 | F72: GESTOR LOCAL | G72: 2024-2025 | H72: 46014 | I72: 46033 | J72: =+I72-H72+1 -> 20 | K72: =TEXT(I72,"dddd") -> domingo | L72: REPROGRAMACIÓN
A73: 24 | B73: UT AMAZONAS BAGUA | C73: 72097663 | D73: LAZO VALQUI ROSITA | E73: 44991 | F73: GESTOR LOCAL | G73: 2024-2025 | H73: 45713 | I73: 45719 | J73: =+I73-H73+1 -> 7 | K73: =TEXT(I73,"dddd") -> lunes
A74: 24 | B74: UT AMAZONAS BAGUA | C74: 72097663 | D74: LAZO VALQUI ROSITA | E74: 44991 | F74: GESTOR LOCAL | G74: 2024-2025 | H74: 45749 | I74: 45763 | J74: =+I74-H74+1 -> 15 | K74: =TEXT(I74,"dddd") -> miércoles
A75: 24 | B75: UT AMAZONAS BAGUA | C75: 72097663 | D75: LAZO VALQUI ROSITA | E75: 44991 | F75: GESTOR LOCAL | G75: 2024-2025 | H75: 46062 | I75: 46069 | J75: =+I75-H75+1 -> 8 | K75: =TEXT(I75,"dddd") -> lunes | L75: 1 REPROGRAMACIÓN
A76: 25 | B76: UT AMAZONAS BAGUA | C76: 46402465 | D76: LEON CAMPOS WILLAN DAVID | E76: 44200 | F76: GESTOR LOCAL | G76: 2024-2025 | H76: 45663 | I76: 45677 | J76: =+I76-H76+1 -> 15 | K76: =TEXT(I76,"dddd") -> lunes
A77: 25 | B77: UT AMAZONAS BAGUA | C77: 46402465 | D77: LEON CAMPOS WILLAN DAVID | E77: 44200 | F77: GESTOR LOCAL | G77: 2024-2025 | H77: 45908 | I77: 45922 | J77: =+I77-H77+1 -> 15 | K77: =TEXT(I77,"dddd") -> lunes
A78: 26 | B78: UT AMAZONAS BAGUA | C78: 33586223 | D78: LOZANO HERNANDEZ MARINA | E78: 41229 | F78: COORDINADOR TÉCNICO ZONAL | G78: 2024-2025 | H78: 45665 | I78: 45671 | J78: =+I78-H78+1 -> 7 | K78: =TEXT(I78,"dddd") -> martes
A79: 26 | B79: UT AMAZONAS BAGUA | C79: 33586223 | D79: LOZANO HERNANDEZ MARINA | E79: 41229 | F79: COORDINADOR TÉCNICO ZONAL | G79: 2024-2025 | H79: 45798 | I79: 45804 | J79: =+I79-H79+1 -> 7 | K79: =TEXT(I79,"dddd") -> martes
A80: 26 | B80: UT AMAZONAS BAGUA | C80: 33586223 | D80: LOZANO HERNANDEZ MARINA | E80: 41229 | F80: COORDINADOR TÉCNICO ZONAL | G80: 2024-2025 | H80: 45931 | I80: 45946 | J80: =+I80-H80+1 -> 16 | K80: =TEXT(I80,"dddd") -> jueves
A81: 27 | B81: UT AMAZONAS BAGUA | C81: 42246417 | D81: MERA TORRES ALELI | E81: 41229 | F81: GESTOR LOCAL | G81: 2024-2025 | H81: 45747 | I81: 45756 | J81: =+I81-H81+1 -> 10 | K81: =TEXT(I81,"dddd") -> miércoles
A82: 27 | B82: UT AMAZONAS BAGUA | C82: 42246417 | D82: MERA TORRES ALELI | E82: 41229 | F82: GESTOR LOCAL | G82: 2024-2025 | H82: 46028 | I82: 46047 | J82: =+I82-H82+1 -> 20 | K82: =TEXT(I82,"dddd") -> domingo
A83: 28 | B83: UT AMAZONAS BAGUA | C83: 41395226 | D83: MONSALVE SANDOVAL MARIA LASTENIA | E83: 41913 | F83: GESTOR LOCAL | G83: 2024-2025 | H83: 46083 | I83: 46111 | J83: =+I83-H83+1 -> 29 | K83: =TEXT(I83,"dddd") -> lunes | L83: 1 REPROGRAMACIÓN
A84: 29 | B84: UT AMAZONAS BAGUA | C84: 48410041 | D84: MONTEZA ROJAS ITAMAR | E84: 44481 | F84: GESTOR LOCAL | G84: 2024-2025 | H84: 45705 | I84: 45712 | J84: =+I84-H84+1 -> 8 | K84: =TEXT(I84,"dddd") -> lunes
A85: 29 | B85: UT AMAZONAS BAGUA | C85: 48410041 | D85: MONTEZA ROJAS ITAMAR | E85: 44481 | F85: GESTOR LOCAL | G85: 2024-2025 | H85: 45792 | I85: 45798 | J85: 7 | K85: =TEXT(I85,"dddd") -> miércoles
A86: 29 | B86: UT AMAZONAS BAGUA | C86: 48410041 | D86: MONTEZA ROJAS ITAMAR | E86: 44481 | F86: GESTOR LOCAL | G86: 2024-2025 | H86: 45876 | I86: 45890 | J86: =+I86-H86+1 -> 15 | K86: =TEXT(I86,"dddd") -> jueves
A87: 30 | B87: UT AMAZONAS BAGUA | C87: 43457207 | D87: NAVARRO DIAZ LUIS ALBERTO | E87: 44200 | F87: ADMINISTRADOR | G87: 2024-2025 | H87: 45859 | I87: 45873 | J87: =+I87-H87+1 -> 15 | K87: =TEXT(I87,"dddd") -> lunes
A88: 30 | B88: UT AMAZONAS BAGUA | C88: 43457208 | D88: NAVARRO DIAZ LUIS ALBERTO | E88: 44200 | F88: ADMINISTRADOR | G88: 2024-2025 | H88: 46013 | I88: 46027 | J88: =+I88-H88+1 -> 15 | K88: =TEXT(I88,"dddd") -> lunes
A89: 31 | B89: UT AMAZONAS BAGUA | C89: 73141657 | D89: PALACIOS TORRES EVELYN LIZETH | E89: 45057 | F89: ASISTENTE DE ARCHIVO | G89: 2024-2025 | H89: 45712 | I89: 45718 | J89: =+I89-H89+1 -> 7 | K89: =TEXT(I89,"dddd") -> domingo
A90: 31 | B90: UT AMAZONAS BAGUA | C90: 73141657 | D90: PALACIOS TORRES EVELYN LIZETH | E90: 45057 | F90: ASISTENTE DE ARCHIVO | G90: 2024-2025 | H90: 45853 | I90: 45860 | J90: =+I90-H90+1 -> 8 | K90: =TEXT(I90,"dddd") -> martes
A91: 31 | B91: UT AMAZONAS BAGUA | C91: 73141657 | D91: PALACIOS TORRES EVELYN LIZETH | E91: 45057 | F91: ASISTENTE DE ARCHIVO | G91: 2024-2025 | H91: 45891 | I91: 45897 | J91: =+I91-H91+1 -> 7 | K91: =TEXT(I91,"dddd") -> jueves
A92: 31 | B92: UT AMAZONAS BAGUA | C92: 73141657 | D92: PALACIOS TORRES EVELYN LIZETH | E92: 45057 | F92: ASISTENTE DE ARCHIVO | G92: 2024-2025 | H92: 45985 | I92: 45992 | J92: =+I92-H92+1 -> 8 | K92: =TEXT(I92,"dddd") -> lunes
A93: 32 | B93: UT AMAZONAS BAGUA | C93: 45460382 | D93: RODRIGUEZ COLLANTES MILTON CESAR | E93: 43901 | F93: GESTOR LOCAL | G93: 2024-2025 | H93: 45901 | I93: 45915 | J93: =+I93-H93+1 -> 15 | K93: =TEXT(I93,"dddd") -> lunes
A94: 32 | B94: UT AMAZONAS BAGUA | C94: 45460382 | D94: RODRIGUEZ COLLANTES MILTON CESAR | E94: 43901 | F94: GESTOR LOCAL | G94: 2024-2025 | H94: 46014 | I94: 46028 | J94: =+I94-H94+1 -> 15 | K94: =TEXT(I94,"dddd") -> martes
A95: 33 | B95: UT AMAZONAS BAGUA | C95: 45961246 | D95: ROJAS SOPLIN EULER | E95: 42522 | F95: GESTOR LOCAL | G95: 2024-2025 | H95: 45887 | I95: 45900 | J95: =+I95-H95+1 -> 14 | K95: =TEXT(I95,"dddd") -> domingo
A96: 33 | B96: UT AMAZONAS BAGUA | C96: 45961246 | D96: ROJAS SOPLIN EULER | E96: 42522 | F96: GESTOR LOCAL | G96: 2024-2025 | H96: 46013 | I96: 46028 | J96: =+I96-H96+1 -> 16 | K96: =TEXT(I96,"dddd") -> martes
A97: 34 | B97: UT AMAZONAS BAGUA | C97: 33432747 | D97: SALAZAR SANTOS ANGEL GUSTAVO | E97: 41276 | F97: CHOFER PARA SEDE REGIONAL | G97: 2024-2025 | H97: 45852 | I97: 45862 | J97: =+I97-H97+1 -> 11 | K97: =TEXT(I97,"dddd") -> jueves
A98: 34 | B98: UT AMAZONAS BAGUA | C98: 33432747 | D98: SALAZAR SANTOS ANGEL GUSTAVO | E98: 41276 | F98: CHOFER PARA SEDE REGIONAL | G98: 2024-2025 | H98: 45894 | I98: 45896 | J98: =+I98-H98+1 -> 3 | K98: =TEXT(I98,"dddd") -> miércoles | L98: FRACCIONAMIENTO
A99: 34 | B99: UT AMAZONAS BAGUA | C99: 33432747 | D99: SALAZAR SANTOS ANGEL GUSTAVO | E99: 41276 | F99: CHOFER PARA SEDE REGIONAL | G99: 2024-2025 | H99: 46006 | I99: 46021 | J99: =+I99-H99+1 -> 16 | K99: =TEXT(I99,"dddd") -> martes | L99: 2 REPROGRAMACIÓN
A100: 35 | B100: UT AMAZONAS BAGUA | C100: 26620699 | D100: SANCHEZ SANCHEZ JOSE LUIS | E100: 41229 | F100: COORDINADOR TÉCNICO ZONAL | G100: 2024-2025 | H100: 45663 | I100: 45692 | J100: =+I100-H100+1 -> 30 | K100: =TEXT(I100,"dddd") -> martes
A101: 36 | B101: UT AMAZONAS BAGUA | C101: 77531759 | D101: SANTOS SOLANO ROXANA | E101: 45118 | F101: GESTOR LOCAL | G101: 2024-2025 | H101: 45719 | I101: 45733 | J101: =+I101-H101+1 -> 15 | K101: =TEXT(I101,"dddd") -> lunes
A102: 36 | B102: UT AMAZONAS BAGUA | C102: 77531759 | D102: SANTOS SOLANO ROXANA | E102: 45118 | F102: GESTOR LOCAL | G102: 2024-2026 | H102: 46001 | I102: 46015 | J102: =+I102-H102+1 -> 15 | K102: =TEXT(I102,"dddd") -> miércoles
A103: 37 | B103: UT AMAZONAS BAGUA | C103: 33589658 | D103: SILVA BRAVO ROSARIO | E103: 41306 | F103: GESTOR LOCAL | G103: 2024-2025 | H103: 45705 | I103: 45719 | J103: =+I103-H103+1 -> 15 | K103: =TEXT(I103,"dddd") -> lunes
A104: 38 | B104: UT AMAZONAS BAGUA | C104: 72498313 | D104: TERRONES CHAVEZ JORGE ISAIAS | E104: 45155 | F104: GESTOR LOCAL | G104: 2024-2025 | H104: 45901 | I104: 45915 | J104: =+I104-H104+1 -> 15 | K104: =TEXT(I104,"dddd") -> lunes
A105: 38 | B105: UT AMAZONAS BAGUA | C105: 72498314 | D105: TERRONES CHAVEZ JORGE ISAIAS | E105: 45155 | F105: GESTOR LOCAL | G105: 2024-2025 | H105: 46062 | I105: 46076 | J105: =+I105-H105+1 -> 15 | K105: =TEXT(I105,"dddd") -> lunes | L105: 1 REPROGRAMACIÓN
...

Sheet EJECUTADO
B2: ROL DE VACACIONES DE LOS SERVIDORES DEL PROGRAMA JUNTOS PARA EL AÑO 2025
A3: ANEXO N° 02 - UNIDAD TERRITORIAL AMAZONAS BAGUA
A5: Nota: 1.- Toda programación completa o fraccionada que culmine en día viernes deberá computar el sábado y domingo continuo (no puede culminar en día viernes o sábado). 2.- No se considerarán programaciones de días hábiles, debido a que estan sujetos a la suscripción previa del acuerdo entre empleado y empleador.
A7: N° | B7: UNIDAD TERRITORIAL | C7: DNI | D7: APELLIDOS Y NOMBRES | E7: FECHA DE INGRESO | F7: CARGO | G7: PERIODO VACACIONAL | H7: DESDE | I7: HASTA | J7: TOTAL DIAS | K7: ULTIMO DÍA | L7: EJECUCION
A8: =UTAB!A8 -> 1 | B8: =UTAB!B8 -> UT AMAZONAS BAGUA | C8: =UTAB!C8 -> 70080622 | D8: =UTAB!D8 -> ACHA GUERRERO DAVID DENISS | E8: =UTAB!E8 -> 42522 | F8: =UTAB!F8 -> GESTOR LOCAL | G8: =UTAB!G8 -> 2024-2025 | H8: =UTAB!H8 -> 45867 | I8: =UTAB!I8 -> 45881 | J8: =+I8-H8+1 -> 15 | K8: =TEXT(I8,"dddd") -> martes | L8: =IF(H8>=TODAY(),"PENDIENTE","EJECUTADO") -> EJECUTADO
A9: =UTAB!A9 -> 1 | B9: =UTAB!B9 -> UT AMAZONAS BAGUA | C9: =UTAB!C9 -> 70080622 | D9: =UTAB!D9 -> ACHA GUERRERO DAVID DENISS | E9: =UTAB!E9 -> 42522 | F9: =UTAB!F9 -> GESTOR LOCAL | G9: =UTAB!G9 -> 2024-2026 | H9: =UTAB!H9 -> 46104 | I9: =UTAB!I9 -> 46118 | J9: =+I9-H9+1 -> 15 | K9: =TEXT(I9,"dddd") -> lunes | L9: =IF(H9>=TODAY(),"PENDIENTE","EJECUTADO") -> PENDIENTE
A10: =UTAB!A10 -> 2 | B10: =UTAB!B10 -> UT AMAZONAS BAGUA | C10: =UTAB!C10 -> 08570047 | D10: =UTAB!D10 -> AGUEDO CARBAJAL HUGO WILLIAM | E10: =UTAB!E10 -> 42255 | F10: =UTAB!F10 -> COORDINADOR TÉCNICO ZONAL | G10: =UTAB!G10 -> 2024-2025 | H10: =UTAB!H10 -> 45733 | I10: =UTAB!I10 -> 45735 | J10: =+I10-H10+1 -> 3 | K10: =TEXT(I10,"dddd") -> miércoles | L10: =IF(H10>=TODAY(),"PENDIENTE","EJECUTADO") -> EJECUTADO
A11: =UTAB!A11 -> 2 | B11: =UTAB!B11 -> UT AMAZONAS BAGUA | C11: =UTAB!C11 -> 08570047 | D11: =UTAB!D11 -> AGUEDO CARBAJAL HUGO WILLIAM | E11: =UTAB!E11 -> 42255 | F11: =UTAB!F11 -> COORDINADOR TÉCNICO ZONAL | G11: =UTAB!G11 -> 2024-2025 | H11: =UTAB!H11 -> 45945 | I11: =UTAB!I11 -> 45971 | J11: =+I11-H11+1 -> 27 | K11: =TEXT(I11,"dddd") -> lunes | L11: =IF(H11>=TODAY(),"PENDIENTE","EJECUTADO") -> EJECUTADO
A12: =UTAB!A12 -> 3 | B12: =UTAB!B12 -> UT AMAZONAS BAGUA | C12: =UTAB!C12 -> 47014600 | D12: =UTAB!D12 -> BERNILLA SANCHEZ JULIO CESAR | E12: =UTAB!E12 -> 44621 | F12: =UTAB!F12 -> GESTOR LOCAL | G12: =UTAB!G12 -> 2024-2025 | H12: =UTAB!H12 -> 45659 | I12: =UTAB!I12 -> 45673 | J12: =+I12-H12+1 -> 15 | K12: =TEXT(I12,"dddd") -> jueves | L12: =IF(H12>=TODAY(),"PENDIENTE","EJECUTADO") -> EJECUTADO
A13: =UTAB!A13 -> 3 | B13: =UTAB!B13 -> UT AMAZONAS BAGUA | C13: =UTAB!C13 -> 47014600 | D13: =UTAB!D13 -> BERNILLA SANCHEZ JULIO CESAR | E13: =UTAB!E13 -> 44621 | F13: =UTAB!F13 -> GESTOR LOCAL | G13: =UTAB!G13 -> 2024-2025 | H13: =UTAB!H13 -> 45868 | I13: =UTAB!I13 -> 45876 | J13: =+I13-H13+1 -> 9 | K13: =TEXT(I13,"dddd") -> jueves | L13: =IF(H13>=TODAY(),"PENDIENTE","EJECUTADO") -> EJECUTADO
A14: =UTAB!A14 -> 3 | B14: =UTAB!B14 -> UT AMAZONAS BAGUA | C14: =UTAB!C14 -> 47014600 | D14: =UTAB!D14 -> BERNILLA SANCHEZ JULIO CESAR | E14: =UTAB!E14 -> 44621 | F14: =UTAB!F14 -> GESTOR LOCAL | G14: =UTAB!G14 -> 2024-2025 | H14: =UTAB!H14 -> 45973 | I14: =UTAB!I14 -> 45978 | J14: =+I14-H14+1 -> 6 | K14: =TEXT(I14,"dddd") -> lunes | L14: =IF(H14>=TODAY(),"PENDIENTE","EJECUTADO") -> EJECUTADO
A15: =UTAB!A15 -> 4 | B15: =UTAB!B15 -> UT AMAZONAS BAGUA | C15: =UTAB!C15 -> 33781322 | D15: =UTAB!D15 -> CACHAY VELA NERY MARLENITA | E15: =UTAB!E15 -> 41229 | F15: =UTAB!F15 -> GESTOR LOCAL | G15: =UTAB!G15 -> 2024-2025 | H15: =UTAB!H15 -> 45908 | I15: =UTAB!I15 -> 45915 | J15: =+I15-H15+1 -> 8 | K15: =TEXT(I15,"dddd") -> lunes | L15: =IF(H15>=TODAY(),"PENDIENTE","EJECUTADO") -> EJECUTADO
A16: =UTAB!A17 -> 4 | B16: =UTAB!B17 -> UT AMAZONAS BAGUA | C16: =UTAB!C17 -> 33781322 | D16: =UTAB!D17 -> CACHAY VELA NERY MARLENITA | E16: =UTAB!E17 -> 41229 | F16: =UTAB!F17 -> GESTOR LOCAL | G16: =UTAB!G17 -> 2024-2025 | H16: =UTAB!H17 -> 46272 | I16: =UTAB!I17 -> 46278 | J16: =+I16-H16+1 -> 7 | K16: =TEXT(I16,"dddd") -> domingo | L16: =IF(H16>=TODAY(),"PENDIENTE","EJECUTADO") -> PENDIENTE
A17: =UTAB!A18 -> 5 | B17: =UTAB!B18 -> UT AMAZONAS BAGUA | C17: =UTAB!C18 -> 44858245 | D17: =UTAB!D18 -> CALDERON SERVAN MILAGRITOS SOLEDAD | E17: =UTAB!E18 -> 43313 | F17: =UTAB!F18 -> GESTOR LOCAL | G17: =UTAB!G18 -> 2024-2025 | H17: =UTAB!H18 -> 45870 | I17: =UTAB!I18 -> 45876 | J17: =+I17-H17+1 -> 7 | K17: =TEXT(I17,"dddd") -> jueves | L17: =IF(H17>=TODAY(),"PENDIENTE","EJECUTADO") -> EJECUTADO
A18: =UTAB!A19 -> 5 | B18: =UTAB!B19 -> UT AMAZONAS BAGUA | C18: =UTAB!C19 -> 44858245 | D18: =UTAB!D19 -> CALDERON SERVAN MILAGRITOS SOLEDAD | E18: =UTAB!E19 -> 43313 | F18: =UTAB!F19 -> GESTOR LOCAL | G18: =UTAB!G19 -> 2024-2025 | H18: =UTAB!H19 -> 46020 | I18: =UTAB!I19 -> 46042 | J18: =+I18-H18+1 -> 23 | K18: =TEXT(I18,"dddd") -> martes | L18: =IF(H18>=TODAY(),"PENDIENTE","EJECUTADO") -> EJECUTADO
A19: =UTAB!A20 -> 6 | B19: =UTAB!B20 -> UT AMAZONAS BAGUA | C19: =UTAB!C20 -> 33827197 | D19: =UTAB!D20 -> CARRANZA ALARCON ISAIAS | E19: =UTAB!E20 -> 41944 | F19: =UTAB!F20 -> GESTOR LOCAL | G19: =UTAB!G20 -> 2024-2025 | H19: =UTAB!H20 -> 45659 | I19: =UTAB!I20 -> 45680 | J19: =+I19-H19+1 -> 22 | K19: =TEXT(I19,"dddd") -> jueves | L19: =IF(H19>=TODAY(),"PENDIENTE","EJECUTADO") -> EJECUTADO
A20: =UTAB!A21 -> 6 | B20: =UTAB!B21 -> UT AMAZONAS BAGUA | C20: =UTAB!C21 -> 33827197 | D20: =UTAB!D21 -> CARRANZA ALARCON ISAIAS | E20: =UTAB!E21 -> 41944 | F20: =UTAB!F21 -> GESTOR LOCAL | G20: =UTAB!G21 -> 2024-2025 | H20: =UTAB!H21 -> 45706 | I20: =UTAB!I21 -> 45707 | J20: =+I20-H20+1 -> 2 | K20: =TEXT(I20,"dddd") -> miércoles | L20: =IF(H20>=TODAY(),"PENDIENTE","EJECUTADO") -> EJECUTADO
A21: =UTAB!A22 -> 6 | B21: =UTAB!B22 -> UT AMAZONAS BAGUA | C21: =UTAB!C22 -> 33827197 | D21: =UTAB!D22 -> CARRANZA ALARCON ISAIAS | E21: =UTAB!E22 -> 41944 | F21: =UTAB!F22 -> GESTOR LOCAL | G21: =UTAB!G22 -> 2024-2025 | H21: =UTAB!H22 -> 45874 | I21: =UTAB!I22 -> 45879 | J21: =+I21-H21+1 -> 6 | K21: =TEXT(I21,"dddd") -> domingo | L21: =IF(H21>=TODAY(),"PENDIENTE","EJECUTADO") -> EJECUTADO
A22: =UTAB!A23 -> 7 | B22: =UTAB!B23 -> UT AMAZONAS BAGUA | C22: =UTAB!C23 -> 18142350 | D22: =UTAB!D23 -> CARRASCAL CUEVA SANDRA ANGHELINA | E22: =UTAB!E23 -> 42795 | F22: =UTAB!F23 -> COMUNICADOR | G22: =UTAB!G23 -> 2024-2025 | H22: =UTAB!H23 -> 45898 | I22: =UTAB!I23 -> 45900 | J22: =+I22-H22+1 -> 3 | K22: =TEXT(I22,"dddd") -> domingo | L22: =IF(H22>=TODAY(),"PENDIENTE","EJECUTADO") -> EJECUTADO
A23: =UTAB!A24 -> 7 | B23: =UTAB!B24 -> UT AMAZONAS BAGUA | C23: =UTAB!C24 -> 18142350 | D23: =UTAB!D24 -> CARRASCAL CUEVA SANDRA ANGHELINA | E23: =UTAB!E24 -> 42795 | F23: =UTAB!F24 -> COMUNICADOR | G23: =UTAB!G24 -> 2024-2025 | H23: =UTAB!H24 -> 45967 | I23: =UTAB!I24 -> 45978 | J23: =+I23-H23+1 -> 12 | K23: =TEXT(I23,"dddd") -> lunes | L23: =IF(H23>=TODAY(),"PENDIENTE","EJECUTADO") -> EJECUTADO
A24: =UTAB!A25 -> 7 | B24: =UTAB!B25 -> UT AMAZONAS BAGUA | C24: =UTAB!C25 -> 18142350 | D24: =UTAB!D25 -> CARRASCAL CUEVA SANDRA ANGHELINA | E24: =UTAB!E25 -> 42795 | F24: =UTAB!F25 -> COMUNICADOR | G24: =UTAB!G25 -> 2024-2025 | H24: =UTAB!H25 -> 46041 | I24: =UTAB!I25 -> 46047 | J24: =+I24-H24+1 -> 7 | K24: =TEXT(I24,"dddd") -> domingo | L24: =IF(H24>=TODAY(),"PENDIENTE","EJECUTADO") -> EJECUTADO
A25: =UTAB!A28 -> 8 | B25: =UTAB!B28 -> UT AMAZONAS BAGUA | C25: =UTAB!C28 -> 44620331 | D25: =UTAB!D28 -> CHAVEZ TORREJON LENER | E25: =UTAB!E28 -> 42348 | F25: =UTAB!F28 -> GESTOR LOCAL | G25: =UTAB!G28 -> 2024-2025 | H25: =UTAB!H28 -> 46113 | I25: =UTAB!I28 -> 46127 | J25: =+I25-H25+1 -> 15 | K25: =TEXT(I25,"dddd") -> miércoles | L25: =IF(H25>=TODAY(),"PENDIENTE","EJECUTADO") -> PENDIENTE
A26: =UTAB!A29 -> 9 | B26: =UTAB!B29 -> UT AMAZONAS BAGUA | C26: =UTAB!C29 -> 47191455 | D26: =UTAB!D29 -> CORDOVA MARTINEZ DIANA CAROLINA | E26: =UTAB!E29 -> 44853 | F26: =UTAB!F29 -> GESTOR LOCAL - ZONA ALEJADA | G26: =UTAB!G29 -> 2024-2025 | H26: =UTAB!H29 -> 45658 | I26: =UTAB!I29 -> 45672 | J26: =+I26-H26+1 -> 15 | K26: =TEXT(I26,"dddd") -> miércoles | L26: =IF(H26>=TODAY(),"PENDIENTE","EJECUTADO") -> EJECUTADO
A27: =UTAB!A30 -> 9 | B27: =UTAB!B30 -> UT AMAZONAS BAGUA | C27: =UTAB!C30 -> 47191455 | D27: =UTAB!D30 -> CORDOVA MARTINEZ DIANA CAROLINA | E27: =UTAB!E30 -> 44853 | F27: =UTAB!F30 -> GESTOR LOCAL - ZONA ALEJADA | G27: =UTAB!G30 -> 2024-2025 | H27: =UTAB!H30 -> 46013 | I27: =UTAB!I30 -> 46027 | J27: =+I27-H27+1 -> 15 | K27: =TEXT(I27,"dddd") -> lunes | L27: =IF(H27>=TODAY(),"PENDIENTE","EJECUTADO") -> EJECUTADO
A28: =UTAB!A31 -> 10 | B28: =UTAB!B31 -> UT AMAZONAS BAGUA | C28: =UTAB!C31 -> 46826581 | D28: =UTAB!D31 -> CORDOVA ROSALES VICTOR BERTIN | E28: =UTAB!E31 -> 44200 | F28: =UTAB!F31 -> GESTOR LOCAL | G28: =UTAB!G31 -> 2024-2025 | H28: =UTAB!H31 -> 45659 | I28: =UTAB!I31 -> 45673 | J28: =+I28-H28+1 -> 15 | K28: =TEXT(I28,"dddd") -> jueves | L28: =IF(H28>=TODAY(),"PENDIENTE","EJECUTADO") -> EJECUTADO
A29: =UTAB!A32 -> 10 | B29: =UTAB!B32 -> UT AMAZONAS BAGUA | C29: =UTAB!C32 -> 46826581 | D29: =UTAB!D32 -> CORDOVA ROSALES VICTOR BERTIN | E29: =UTAB!E32 -> 44200 | F29: =UTAB!F32 -> GESTOR LOCAL | G29: =UTAB!G32 -> 2024-2025 | H29: =UTAB!H32 -> 45901 | I29: =UTAB!I32 -> 45915 | J29: =+I29-H29+1 -> 15 | K29: =TEXT(I29,"dddd") -> lunes | L29: =IF(H29>=TODAY(),"PENDIENTE","EJECUTADO") -> EJECUTADO
A30: =UTAB!A33 -> 11 | B30: =UTAB!B33 -> UT AMAZONAS BAGUA | C30: =UTAB!C33 -> 46282107 | D30: =UTAB!D33 -> CUEVA ALVAREZ RUTH YESSENIA | E30: =UTAB!E33 -> 42373 | F30: =UTAB!F33 -> TECNICO DE ORIENTACION Y ATENCION AL USUARIO | G30: =UTAB!G33 -> 2024-2025 | H30: =UTAB!H33 -> 45728 | I30: =UTAB!I33 -> 45734 | J30: =+I30-H30+1 -> 7 | K30: =TEXT(I30,"dddd") -> martes | L30: =IF(H30>=TODAY(),"PENDIENTE","EJECUTADO") -> EJECUTADO
A31: =UTAB!A34 -> 11 | B31: =UTAB!B34 -> UT AMAZONAS BAGUA | C31: =UTAB!C34 -> 46282107 | D31: =UTAB!D34 -> CUEVA ALVAREZ RUTH YESSENIA | E31: =UTAB!E34 -> 42373 | F31: =UTAB!F34 -> TECNICO DE ORIENTACION Y ATENCION AL USUARIO | G31: =UTAB!G34 -> 2024-2025 | H31: =UTAB!H34 -> 45782 | I31: =UTAB!I34 -> 45788 | J31: =+I31-H31+1 -> 7 | K31: =TEXT(I31,"dddd") -> domingo | L31: =IF(H31>=TODAY(),"PENDIENTE","EJECUTADO") -> EJECUTADO
A32: =UTAB!A35 -> 11 | B32: =UTAB!B35 -> UT AMAZONAS BAGUA | C32: =UTAB!C35 -> 46282107 | D32: =UTAB!D35 -> CUEVA ALVAREZ RUTH YESSENIA | E32: =UTAB!E35 -> 42373 | F32: =UTAB!F35 -> TECNICO DE ORIENTACION Y ATENCION AL USUARIO | G32: =UTAB!G35 -> 2024-2025 | H32: =UTAB!H35 -> 45868 | I32: =UTAB!I35 -> 45874 | J32: =+I32-H32+1 -> 7 | K32: =TEXT(I32,"dddd") -> martes | L32: =IF(H32>=TODAY(),"PENDIENTE","EJECUTADO") -> EJECUTADO
A33: =UTAB!A36 -> 11 | B33: =UTAB!B36 -> UT AMAZONAS BAGUA | C33: =UTAB!C36 -> 46282107 | D33: =UTAB!D36 -> CUEVA ALVAREZ RUTH YESSENIA | E33: =UTAB!E36 -> 42373 | F33: =UTAB!F36 -> TECNICO DE ORIENTACION Y ATENCION AL USUARIO | G33: =UTAB!G36 -> 2024-2025 | H33: =UTAB!H36 -> 46014 | I33: =UTAB!I36 -> 46022 | J33: =+I33-H33+1 -> 9 | K33: =TEXT(I33,"dddd") -> miércoles | L33: =IF(H33>=TODAY(),"PENDIENTE","EJECUTADO") -> EJECUTADO
A34: =UTAB!A37 -> 12 | B34: =UTAB!B37 -> UT AMAZONAS BAGUA | C34: =UTAB!C37 -> 43209768 | D34: =UTAB!D37 -> DAVILA BRAVO LIZ MARICLER | E34: =UTAB!E37 -> 42737 | F34: =UTAB!F37 -> GESTOR LOCAL | G34: =UTAB!G37 -> 2024-2025 | H34: =UTAB!H37 -> 45659 | I34: =UTAB!I37 -> 45666 | J34: =+I34-H34+1 -> 8 | K34: =TEXT(I34,"dddd") -> jueves | L34: =IF(H34>=TODAY(),"PENDIENTE","EJECUTADO") -> EJECUTADO
A35: =UTAB!A38 -> 12 | B35: =UTAB!B38 -> UT AMAZONAS BAGUA | C35: =UTAB!C38 -> 43209769 | D35: =UTAB!D38 -> DAVILA BRAVO LIZ MARICLER | E35: =UTAB!E38 -> 42737 | F35: =UTAB!F38 -> GESTOR LOCAL | G35: =UTAB!G38 -> 2024-2025 | H35: =UTAB!H38 -> 45733 | I35: =UTAB!I38 -> 45747 | J35: =+I35-H35+1 -> 15 | K35: =TEXT(I35,"dddd") -> lunes | L35: =IF(H35>=TODAY(),"PENDIENTE","EJECUTADO") -> EJECUTADO
A36: =UTAB!A39 -> 12 | B36: =UTAB!B39 -> UT AMAZONAS BAGUA | C36: =UTAB!C39 -> 43209770 | D36: =UTAB!D39 -> DAVILA BRAVO LIZ MARICLER | E36: =UTAB!E39 -> 42737 | F36: =UTAB!F39 -> GESTOR LOCAL | G36: =UTAB!G39 -> 2024-2025 | H36: =UTAB!H39 -> 45911 | I36: =UTAB!I39 -> 45917 | J36: =+I36-H36+1 -> 7 | K36: =TEXT(I36,"dddd") -> miércoles | L36: =IF(H36>=TODAY(),"PENDIENTE","EJECUTADO") -> EJECUTADO
... A38: =UTAB!A41 -> 13 | B38: =UTAB!B41 -> UT AMAZONAS BAGUA | C38: =UTAB!C41 -> 45021141 | D38: =UTAB!D41 -> DELGADO CASTAÑEDA EDWIN ROY | E38: =UTAB!E41 -> 44601 | F38: =UTAB!F41 -> GESTOR DE INFORMACIÓN | G38: =UTAB!G41 -> 2024-2025 | H38: =UTAB!H41 -> 45873 | I38: =UTAB!I41 -> 45879 | J38: =+I38-H38+1 -> 7 | K38: =TEXT(I38,"dddd") -> domingo | L38: =IF(H38>=TODAY(),"PENDIENTE","EJECUTADO") -> EJECUTADO
A39: =UTAB!A43 -> 13 | B39: =UTAB!B43 -> UT AMAZONAS BAGUA | C39: =UTAB!C43 -> 45021141 | D39: =UTAB!D43 -> DELGADO CASTAÑEDA EDWIN ROY | E39: =UTAB!E43 -> 44601 | F39: =UTAB!F43 -> GESTOR DE INFORMACIÓN | G39: =UTAB!G43 -> 2024-2025 | H39: =UTAB!H43 -> 46030 | I39: =UTAB!I43 -> 46035 | J39: =+I39-H39+1 -> 6 | K39: =TEXT(I39,"dddd") -> martes | L39: =IF(H39>=TODAY(),"PENDIENTE","EJECUTADO") -> EJECUTADO
A40: =UTAB!A44 -> 14 | B40: =UTAB!B44 -> UT AMAZONAS BAGUA | C40: =UTAB!C44 -> 48273365 | D40: =UTAB!D44 -> EPIQUIEN TORREJON NESTOR CLAUMER | E40: =UTAB!E44 -> 43193 | F40: =UTAB!F44 -> GESTOR LOCAL | G40: =UTAB!G44 -> 2024-2025 | H40: =UTAB!H44 -> 45659 | I40: =UTAB!I44 -> 45666 | J40: =+I40-H40+1 -> 8 | K40: =TEXT(I40,"dddd") -> jueves | L40: =IF(H40>=TODAY(),"PENDIENTE","EJECUTADO") -> EJECUTADO
A41: =UTAB!A45 -> 14 | B41: =UTAB!B45 -> UT AMAZONAS BAGUA | C41: =UTAB!C45 -> 48273365 | D41: =UTAB!D45 -> EPIQUIEN TORREJON NESTOR CLAUMER | E41: =UTAB!E45 -> 43193 | F41: =UTAB!F45 -> GESTOR LOCAL | G41: =UTAB!G45 -> 2024-2025 | H41: =UTAB!H45 -> 46013 | I41: =UTAB!I45 -> 46027 | J41: =+I41-H41+1 -> 15 | K41: =TEXT(I41,"dddd") -> lunes | L41: =IF(H41>=TODAY(),"PENDIENTE","EJECUTADO") -> EJECUTADO
A42: =UTAB!A47 -> 15 | B42: =UTAB!B47 -> UT AMAZONAS BAGUA | C42: =UTAB!C47 -> 33761726 | D42: =UTAB!D47 -> ESPEJO SECUTA DAVID | E42: =UTAB!E47 -> 41122 | F42: =UTAB!F47 -> GESTOR LOCAL | G42: =UTAB!G47 -> 2024-2025 | H42: =UTAB!H47 -> 45659 | I42: =UTAB!I47 -> 45673 | J42: =+I42-H42+1 -> 15 | K42: =TEXT(I42,"dddd") -> jueves | L42: =IF(H42>=TODAY(),"PENDIENTE","EJECUTADO") -> EJECUTADO
A43: =UTAB!A48 -> 15 | B43: =UTAB!B48 -> UT AMAZONAS BAGUA | C43: =UTAB!C48 -> 33761726 | D43: =UTAB!D48 -> ESPEJO SECUTA DAVID | E43: =UTAB!E48 -> 41122 | F43: =UTAB!F48 -> GESTOR LOCAL | G43: =UTAB!G48 -> 2024-2025 | H43: =UTAB!H48 -> 45873 | I43: =UTAB!I48 -> 45887 | J43: =+I43-H43+1 -> 15 | K43: =TEXT(I43,"dddd") -> lunes | L43: =IF(H43>=TODAY(),"PENDIENTE","EJECUTADO") -> EJECUTADO
A44: =UTAB!A49 -> 16 | B44: =UTAB!B49 -> UT AMAZONAS BAGUA | C44: =UTAB!C49 -> 42966029 | D44: =UTAB!D49 -> FERNANDEZ SANCHEZ VICTOR RAUL | E44: =UTAB!E49 -> 43193 | F44: =UTAB!F49 -> GESTOR LOCAL | G44: =UTAB!G49 -> 2024-2025 | H44: =UTAB!H49 -> 45698 | I44: =UTAB!I49 -> 45712 | J44: =+I44-H44+1 -> 15 | K44: =TEXT(I44,"dddd") -> lunes | L44: =IF(H44>=TODAY(),"PENDIENTE","EJECUTADO") -> EJECUTADO
A45: =UTAB!A50 -> 16 | B45: =UTAB!B50 -> UT AMAZONAS BAGUA | C45: =UTAB!C50 -> 42966029 | D45: =UTAB!D50 -> FERNANDEZ SANCHEZ VICTOR RAUL | E45: =UTAB!E50 -> 43193 | F45: =UTAB!F50 -> GESTOR LOCAL | G45: =UTAB!G50 -> 2024-2025 | H45: =UTAB!H50 -> 45785 | I45: =UTAB!I50 -> 45791 | J45: =+I45-H45+1 -> 7 | K45: =TEXT(I45,"dddd") -> miércoles | L45: =IF(H45>=TODAY(),"PENDIENTE","EJECUTADO") -> EJECUTADO
A46: =UTAB!A51 -> 16 | B46: =UTAB!B51 -> UT AMAZONAS BAGUA | C46: =UTAB!C51 -> 42966029 | D46: =UTAB!D51 -> FERNANDEZ SANCHEZ VICTOR RAUL | E46: =UTAB!E51 -> 43193 | F46: =UTAB!F51 -> GESTOR LOCAL | G46: =UTAB!G51 -> 2024-2025 | H46: =UTAB!H51 -> 45845 | I46: =UTAB!I51 -> 45846 | J46: =+I46-H46+1 -> 2 | K46: =TEXT(I46,"dddd") -> martes | L46: =IF(H46>=TODAY(),"PENDIENTE","EJECUTADO") -> EJECUTADO
A47: =UTAB!A52 -> 16 | B47: =UTAB!B52 -> UT AMAZONAS BAGUA | C47: =UTAB!C52 -> 42966029 | D47: =UTAB!D52 -> FERNANDEZ SANCHEZ VICTOR RAUL | E47: =UTAB!E52 -> 43193 | F47: =UTAB!F52 -> GESTOR LOCAL | G47: =UTAB!G52 -> 2024-2025 | H47: =UTAB!H52 -> 45903 | I47: =UTAB!I52 -> 45908 | J47: =+I47-H47+1 -> 6 | K47: =TEXT(I47,"dddd") -> lunes | L47: =IF(H47>=TODAY(),"PENDIENTE","EJECUTADO") -> EJECUTADO
A48: =UTAB!A53 -> 17 | B48: =UTAB!B53 -> UT AMAZONAS BAGUA | C48: =UTAB!C53 -> 44684018 | D48: =UTAB!D53 -> GOMEZ VELAYSOSA ELFERES | E48: =UTAB!E53 -> 44929 | F48: =UTAB!F53 -> GESTOR LOCAL | G48: =UTAB!G53 -> 2024-2025 | H48: =UTAB!H53 -> 45868 | I48: =UTAB!I53 -> 45879 | J48: =+I48-H48+1 -> 12 | K48: =TEXT(I48,"dddd") -> domingo | L48: =IF(H48>=TODAY(),"PENDIENTE","EJECUTADO") -> EJECUTADO
A49: =UTAB!A54 -> 17 | B49: =UTAB!B54 -> UT AMAZONAS BAGUA | C49: =UTAB!C54 -> 44684018 | D49: =UTAB!D54 -> GOMEZ VELAYSOSA ELFERES | E49: =UTAB!E54 -> 44929 | F49: =UTAB!F54 -> GESTOR LOCAL | G49: =UTAB!G54 -> 2024-2025 | H49: =UTAB!H54 -> 46017 | I49: =UTAB!I54 -> 46035 | J49: =+I49-H49+1 -> 19 | K49: =TEXT(I49,"dddd") -> martes | L49: =IF(H49>=TODAY(),"PENDIENTE","EJECUTADO") -> EJECUTADO
A50: =UTAB!A55 -> 18 | B50: =UTAB!B55 -> UT AMAZONAS BAGUA | C50: =UTAB!C55 -> 60355224 | D50: =UTAB!D55 -> GONZALES QUINTANA KELLY MELISSA | E50: =UTAB!E55 -> 45232 | F50: =UTAB!F55 -> ASISTENTE ADMINISTRATIVO | G50: =UTAB!G55 -> 2024-2024 | H50: =UTAB!H55 -> 45503 | I50: =UTAB!I55 -> 45509 | J50: =+I50-H50+1 -> 7 | K50: =TEXT(I50,"dddd") -> lunes | L50: =IF(H50>=TODAY(),"PENDIENTE","EJECUTADO") -> EJECUTADO
A51: =UTAB!A56 -> 18 | B51: =UTAB!B56 -> UT AMAZONAS BAGUA | C51: =UTAB!C56 -> 60355225 | D51: =UTAB!D56 -> GONZALES QUINTANA KELLY MELISSA | E51: =UTAB!E56 -> 45232 | F51: =UTAB!F56 -> ASISTENTE ADMINISTRATIVO | G51: =UTAB!G56 -> 2024-2025 | H51: =UTAB!H56 -> 45701 | I51: =UTAB!I56 -> 45708 | J51: =+I51-H51+1 -> 8 | K51: =TEXT(I51,"dddd") -> jueves | L51: =IF(H51>=TODAY(),"PENDIENTE","EJECUTADO") -> EJECUTADO
A52: =UTAB!A57 -> 18 | B52: =UTAB!B57 -> UT AMAZONAS BAGUA | C52: =UTAB!C57 -> 60355225 | D52: =UTAB!D57 -> GONZALES QUINTANA KELLY MELISSA | E52: =UTAB!E57 -> 45232 | F52: =UTAB!F57 -> ASISTENTE ADMINISTRATIVO | G52: =UTAB!G57 -> 2024-2025 | H52: =UTAB!H57 -> 45876 | I52: =UTAB!I57 -> 45882 | J52: =+I52-H52+1 -> 7 | K52: =TEXT(I52,"dddd") -> miércoles | L52: =IF(H52>=TODAY(),"PENDIENTE","EJECUTADO") -> EJECUTADO
A53: =UTAB!A58 -> 18 | B53: =UTAB!B58 -> UT AMAZONAS BAGUA | C53: =UTAB!C58 -> 60355225 | D53: =UTAB!D58 -> GONZALES QUINTANA KELLY MELISSA | E53: =UTAB!E58 -> 45232 | F53: =UTAB!F58 -> ASISTENTE ADMINISTRATIVO | G53: =UTAB!G58 -> 2024-2025 | H53: =UTAB!H58 -> 46015 | I53: =UTAB!I58 -> 46022 | J53: =+I53-H53+1 -> 8 | K53: =TEXT(I53,"dddd") -> miércoles | L53: =IF(H53>=TODAY(),"PENDIENTE","EJECUTADO") -> EJECUTADO
... A60: =UTAB!A65 -> 21 | B60: =UTAB!B65 -> UT AMAZONAS BAGUA | C60: =UTAB!C65 -> 45328152 | D60: =UTAB!D65 -> GUEVARA GUEVARA FRANCO NAPOLEON | E60: =UTAB!E65 -> 41821 | F60: =UTAB!F65 -> GESTOR LOCAL | G60: =UTAB!G65 -> 2024-2025 | H60: =UTAB!H65 -> 45936 | I60: =UTAB!I65 -> 45950 | J60: =+I60-H60+1 -> 15 | K60: =TEXT(I60,"dddd") -> lunes | L60: =IF(H60>=TODAY(),"PENDIENTE","EJECUTADO") -> EJECUTADO
A61: =#REF! -> #REF! | B61: =#REF! -> #REF! | C61: =#REF! -> #REF! | D61: =#REF! -> #REF! | E61: =#REF! -> #REF! | F61: =#REF! -> #REF! | G61: =#REF! -> #REF! | H61: =#REF! -> #REF! | I61: =#REF! -> #REF! | J61: =+I61-H61+1 -> #REF! | K61: =TEXT(I61,"dddd") -> #REF! | L61: =IF(H61>=TODAY(),"PENDIENTE","EJECUTADO") -> #REF!
A62: =UTAB!A68 -> 22 | B62: =UTAB!B68 -> UT AMAZONAS BAGUA | C62: =UTAB!C68 -> 46358139 | D62: =UTAB!D68 -> HUAMAN SOROE MILAGROS | E62: =UTAB!E68 -> 43313 | F62: =UTAB!F68 -> GESTOR LOCAL | G62: =UTAB!G68 -> 2024-2025 | H62: =UTAB!H68 -> 45733 | I62: =UTAB!I68 -> 45741 | J62: =+I62-H62+1 -> 9 | K62: =TEXT(I62,"dddd") -> martes | L62: =IF(H62>=TODAY(),"PENDIENTE","EJECUTADO") -> EJECUTADO
A63: =UTAB!A69 -> 22 | B63: =UTAB!B69 -> UT AMAZONAS BAGUA | C63: =UTAB!C69 -> 46358139 | D63: =UTAB!D69 -> HUAMAN SOROE MILAGROS | E63: =UTAB!E69 -> 43313 | F63: =UTAB!F69 -> GESTOR LOCAL | G63: =UTAB!G69 -> 2024-2025 | H63: =UTAB!H69 -> 45873 | I63: =UTAB!I69 -> 45887 | J63: =+I63-H63+1 -> 15 | K63: =TEXT(I63,"dddd") -> lunes | L63: =IF(H63>=TODAY(),"PENDIENTE","EJECUTADO") -> EJECUTADO
A64: =UTAB!A70 -> 22 | B64: =UTAB!B70 -> UT AMAZONAS BAGUA | C64: =UTAB!C70 -> 46358139 | D64: =UTAB!D70 -> HUAMAN SOROE MILAGROS | E64: =UTAB!E70 -> 43313 | F64: =UTAB!F70 -> GESTOR LOCAL | G64: =UTAB!G70 -> 2024-2025 | H64: =UTAB!H70 -> 45972 | I64: =UTAB!I70 -> 45977 | J64: =+I64-H64+1 -> 6 | K64: =TEXT(I64,"dddd") -> domingo | L64: =IF(H64>=TODAY(),"PENDIENTE","EJECUTADO") -> EJECUTADO
A65: =UTAB!A71 -> 23 | B65: =UTAB!B71 -> UT AMAZONAS BAGUA | C65: =UTAB!C71 -> 46091093 | D65: =UTAB!D71 -> JIMENEZ RODRIGUEZ OMAR ALEJANDRO | E65: =UTAB!E71 -> 41913 | F65: =UTAB!F71 -> GESTOR LOCAL | G65: =UTAB!G71 -> 2024-2025 | H65: =UTAB!H71 -> 45957 | I65: =UTAB!I71 -> 45966 | J65: =+I65-H65+1 -> 10 | K65: =TEXT(I65,"dddd") -> miércoles | L65: =IF(H65>=TODAY(),"PENDIENTE","EJECUTADO") -> EJECUTADO
A66: =UTAB!A72 -> 23 | B66: =UTAB!B72 -> UT AMAZONAS BAGUA | C66: =UTAB!C72 -> 46091093 | D66: =UTAB!D72 -> JIMENEZ RODRIGUEZ OMAR ALEJANDRO | E66: =UTAB!E72 -> 41913 | F66: =UTAB!F72 -> GESTOR LOCAL | G66: =UTAB!G72 -> 2024-2025 | H66: =UTAB!H72 -> 46014 | I66: =UTAB!I72 -> 46033 | J66: =+I66-H66+1 -> 20 | K66: =TEXT(I66,"dddd") -> domingo | L66: =IF(H66>=TODAY(),"PENDIENTE","EJECUTADO") -> EJECUTADO
A67: =UTAB!A73 -> 24 | B67: =UTAB!B73 -> UT AMAZONAS BAGUA | C67: =UTAB!C73 -> 72097663 | D67: =UTAB!D73 -> LAZO VALQUI ROSITA | E67: =UTAB!E73 -> 44991 | F67: =UTAB!F73 -> GESTOR LOCAL | G67: =UTAB!G73 -> 2024-2025 | H67: =UTAB!H73 -> 45713 | I67: =UTAB!I73 -> 45719 | J67: =+I67-H67+1 -> 7 | K67: =TEXT(I67,"dddd") -> lunes | L67: =IF(H67>=TODAY(),"PENDIENTE","EJECUTADO") -> EJECUTADO
A68: =UTAB!A74 -> 24 | B68: =UTAB!B74 -> UT AMAZONAS BAGUA | C68: =UTAB!C74 -> 72097663 | D68: =UTAB!D74 -> LAZO VALQUI ROSITA | E68: =UTAB!E74 -> 44991 | F68: =UTAB!F74 -> GESTOR LOCAL | G68: =UTAB!G74 -> 2024-2025 | H68: =UTAB!H74 -> 45749 | I68: =UTAB!I74 -> 45763 | J68: =+I68-H68+1 -> 15 | K68: =TEXT(I68,"dddd") -> miércoles | L68: =IF(H68>=TODAY(),"PENDIENTE","EJECUTADO") -> EJECUTADO
A69: =UTAB!A75 -> 24 | B69: =UTAB!B75 -> UT AMAZONAS BAGUA | C69: =UTAB!C75 -> 72097663 | D69: =UTAB!D75 -> LAZO VALQUI ROSITA | E69: =UTAB!E75 -> 44991 | F69: =UTAB!F75 -> GESTOR LOCAL | G69: =UTAB!G75 -> 2024-2025 | H69: =UTAB!H75 -> 46062 | I69: =UTAB!I75 -> 46069 | J69: =+I69-H69+1 -> 8 | K69: =TEXT(I69,"dddd") -> lunes | L69: =IF(H69>=TODAY(),"PENDIENTE","EJECUTADO") -> EJECUTADO
A70: =UTAB!A76 -> 25 | B70: =UTAB!B76 -> UT AMAZONAS BAGUA | C70: =UTAB!C76 -> 46402465 | D70: =UTAB!D76 -> LEON CAMPOS WILLAN DAVID | E70: =UTAB!E76 -> 44200 | F70: =UTAB!F76 -> GESTOR LOCAL | G70: =UTAB!G76 -> 2024-2025 | H70: =UTAB!H76 -> 45663 | I70: =UTAB!I76 -> 45677 | J70: =+I70-H70+1 -> 15 | K70: =TEXT(I70,"dddd") -> lunes | L70: =IF(H70>=TODAY(),"PENDIENTE","EJECUTADO") -> EJECUTADO
A71: =UTAB!A77 -> 25 | B71: =UTAB!B77 -> UT AMAZONAS BAGUA | C71: =UTAB!C77 -> 46402465 | D71: =UTAB!D77 -> LEON CAMPOS WILLAN DAVID | E71: =UTAB!E77 -> 44200 | F71: =UTAB!F77 -> GESTOR LOCAL | G71: =UTAB!G77 -> 2024-2025 | H71: =UTAB!H77 -> 45908 | I71: =UTAB!I77 -> 45922 | J71: =+I71-H71+1 -> 15 | K71: =TEXT(I71,"dddd") -> lunes | L71: =IF(H71>=TODAY(),"PENDIENTE","EJECUTADO") -> EJECUTADO
A72: =UTAB!A78 -> 26 | B72: =UTAB!B78 -> UT AMAZONAS BAGUA | C72: =UTAB!C78 -> 33586223 | D72: =UTAB!D78 -> LOZANO HERNANDEZ MARINA | E72: =UTAB!E78 -> 41229 | F72: =UTAB!F78 -> COORDINADOR TÉCNICO ZONAL | G72: =UTAB!G78 -> 2024-2025 | H72: =UTAB!H78 -> 45665 | I72: =UTAB!I78 -> 45671 | J72: =+I72-H72+1 -> 7 | K72: =TEXT(I72,"dddd") -> martes | L72: =IF(H72>=TODAY(),"PENDIENTE","EJECUTADO") -> EJECUTADO
A73: =UTAB!A79 -> 26 | B73: =UTAB!B79 -> UT AMAZONAS BAGUA | C73: =UTAB!C79 -> 33586223 | D73: =UTAB!D79 -> LOZANO HERNANDEZ MARINA | E73: =UTAB!E79 -> 41229 | F73: =UTAB!F79 -> COORDINADOR TÉCNICO ZONAL | G73: =UTAB!G79 -> 2024-2025 | H73: =UTAB!H79 -> 45798 | I73: =UTAB!I79 -> 45804 | J73: =+I73-H73+1 -> 7 | K73: =TEXT(I73,"dddd") -> martes | L73: =IF(H73>=TODAY(),"PENDIENTE","EJECUTADO") -> EJECUTADO
... A77: =UTAB!A83 -> 28 | B77: =UTAB!B83 -> UT AMAZONAS BAGUA | C77: =UTAB!C83 -> 41395226 | D77: =UTAB!D83 -> MONSALVE SANDOVAL MARIA LASTENIA | E77: =UTAB!E83 -> 41913 | F77: =UTAB!F83 -> GESTOR LOCAL | G77: =UTAB!G83 -> 2024-2025 | H77: =UTAB!H83 -> 46083 | I77: =UTAB!I83 -> 46111 | J77: =+I77-H77+1 -> 29 | K77: =TEXT(I77,"dddd") -> lunes | L77: =IF(H77>=TODAY(),"PENDIENTE","EJECUTADO") -> EJECUTADO
A78: =UTAB!A84 -> 29 | B78: =UTAB!B84 -> UT AMAZONAS BAGUA | C78: =UTAB!C84 -> 48410041 | D78: =UTAB!D84 -> MONTEZA ROJAS ITAMAR | E78: =UTAB!E84 -> 44481 | F78: =UTAB!F84 -> GESTOR LOCAL | G78: =UTAB!G84 -> 2024-2025 | H78: =UTAB!H84 -> 45705 | I78: =UTAB!I84 -> 45712 | J78: 7 | K78: =TEXT(I78,"dddd") -> lunes | L78: =IF(H78>=TODAY(),"PENDIENTE","EJECUTADO") -> EJECUTADO
A79: =UTAB!A85 -> 29 | B79: =UTAB!B85 -> UT AMAZONAS BAGUA | C79: =UTAB!C85 -> 48410041 | D79: =UTAB!D85 -> MONTEZA ROJAS ITAMAR | E79: =UTAB!E85 -> 44481 | F79: =UTAB!F85 -> GESTOR LOCAL | G79: =UTAB!G85 -> 2024-2025 | H79: =UTAB!H85 -> 45792 | I79: =UTAB!I85 -> 45798 | J79: =+I79-H79+1 -> 7 | K79: =TEXT(I79,"dddd") -> miércoles | L79: =IF(H79>=TODAY(),"PENDIENTE","EJECUTADO") -> EJECUTADO
A80: =UTAB!A86 -> 29 | B80: =UTAB!B86 -> UT AMAZONAS BAGUA | C80: =UTAB!C86 -> 48410041 | D80: =UTAB!D86 -> MONTEZA ROJAS ITAMAR | E80: =UTAB!E86 -> 44481 | F80: =UTAB!F86 -> GESTOR LOCAL | G80: =UTAB!G86 -> 2024-2025 | H80: =UTAB!H86 -> 45876 | I80: =UTAB!I86 -> 45890 | J80: =+I80-H80+1 -> 15 | K80: =TEXT(I80,"dddd") -> jueves | L80: =IF(H80>=TODAY(),"PENDIENTE","EJECUTADO") -> EJECUTADO
A81: =UTAB!A87 -> 30 | B81: =UTAB!B87 -> UT AMAZONAS BAGUA | C81: =UTAB!C87 -> 43457207 | D81: =UTAB!D87 -> NAVARRO DIAZ LUIS ALBERTO | E81: =UTAB!E87 -> 44200 | F81: =UTAB!F87 -> ADMINISTRADOR | G81: =UTAB!G87 -> 2024-2025 | H81: =UTAB!H87 -> 45859 | I81: =UTAB!I87 -> 45873 | J81: =+I81-H81+1 -> 15 | K81: =TEXT(I81,"dddd") -> lunes | L81: =IF(H81>=TODAY(),"PENDIENTE","EJECUTADO") -> EJECUTADO
A82: =UTAB!A88 -> 30 | B82: =UTAB!B88 -> UT AMAZONAS BAGUA | C82: =UTAB!C88 -> 43457208 | D82: =UTAB!D88 -> NAVARRO DIAZ LUIS ALBERTO | E82: =UTAB!E88 -> 44200 | F82: =UTAB!F88 -> ADMINISTRADOR | G82: =UTAB!G88 -> 2024-2025 | H82: =UTAB!H88 -> 46013 | I82: =UTAB!I88 -> 46027 | J82: =+I82-H82+1 -> 15 | K82: =TEXT(I82,"dddd") -> lunes | L82: =IF(H82>=TODAY(),"PENDIENTE","EJECUTADO") -> EJECUTADO
A83: =UTAB!A89 -> 31 | B83: =UTAB!B89 -> UT AMAZONAS BAGUA | C83: =UTAB!C89 -> 73141657 | D83: =UTAB!D89 -> PALACIOS TORRES EVELYN LIZETH | E83: =UTAB!E89 -> 45057 | F83: =UTAB!F89 -> ASISTENTE DE ARCHIVO | G83: =UTAB!G89 -> 2024-2025 | H83: =UTAB!H89 -> 45712 | I83: =UTAB!I89 -> 45718 | J83: =+I83-H83+1 -> 7 | K83: =TEXT(I83,"dddd") -> domingo | L83: =IF(H83>=TODAY(),"PENDIENTE","EJECUTADO") -> EJECUTADO
A84: =UTAB!A90 -> 31 | B84: =UTAB!B90 -> UT AMAZONAS BAGUA | C84: =UTAB!C90 -> 73141657 | D84: =UTAB!D90 -> PALACIOS TORRES EVELYN LIZETH | E84: =UTAB!E90 -> 45057 | F84: =UTAB!F90 -> ASISTENTE DE ARCHIVO | G84: =UTAB!G90 -> 2024-2025 | H84: =UTAB!H90 -> 45853 | I84: =UTAB!I90 -> 45860 | J84: =+I84-H84+1 -> 8 | K84: =TEXT(I84,"dddd") -> martes | L84: =IF(H84>=TODAY(),"PENDIENTE","EJECUTADO") -> EJECUTADO
A85: =UTAB!A91 -> 31 | B85: =UTAB!B91 -> UT AMAZONAS BAGUA | C85: =UTAB!C91 -> 73141657 | D85: =UTAB!D91 -> PALACIOS TORRES EVELYN LIZETH | E85: =UTAB!E91 -> 45057 | F85: =UTAB!F91 -> ASISTENTE DE ARCHIVO | G85: =UTAB!G91 -> 2024-2025 | H85: =UTAB!H91 -> 45891 | I85: =UTAB!I91 -> 45897 | J85: =+I85-H85+1 -> 7 | K85: =TEXT(I85,"dddd") -> jueves | L85: =IF(H85>=TODAY(),"PENDIENTE","EJECUTADO") -> EJECUTADO
A86: =UTAB!A92 -> 31 | B86: =UTAB!B92 -> UT AMAZONAS BAGUA | C86: =UTAB!C92 -> 73141657 | D86: =UTAB!D92 -> PALACIOS TORRES EVELYN LIZETH | E86: =UTAB!E92 -> 45057 | F86: =UTAB!F92 -> ASISTENTE DE ARCHIVO | G86: =UTAB!G92 -> 2024-2025 | H86: =UTAB!H92 -> 45985 | I86: =UTAB!I92 -> 45992 | J86: =+I86-H86+1 -> 8 | K86: =TEXT(I86,"dddd") -> lunes | L86: =IF(H86>=TODAY(),"PENDIENTE","EJECUTADO") -> EJECUTADO
A87: =UTAB!A93 -> 32 | B87: =UTAB!B93 -> UT AMAZONAS BAGUA | C87: =UTAB!C93 -> 45460382 | D87: =UTAB!D93 -> RODRIGUEZ COLLANTES MILTON CESAR | E87: =UTAB!E93 -> 43901 | F87: =UTAB!F93 -> GESTOR LOCAL | G87: =UTAB!G93 -> 2024-2025 | H87: =UTAB!H93 -> 45901 | I87: =UTAB!I93 -> 45915 | J87: =+I87-H87+1 -> 15 | K87: =TEXT(I87,"dddd") -> lunes | L87: =IF(H87>=TODAY(),"PENDIENTE","EJECUTADO") -> EJECUTADO
A88: =UTAB!A94 -> 32 | B88: =UTAB!B94 -> UT AMAZONAS BAGUA | C88: =UTAB!C94 -> 45460382 | D88: =UTAB!D94 -> RODRIGUEZ COLLANTES MILTON CESAR | E88: =UTAB!E94 -> 43901 | F88: =UTAB!F94 -> GESTOR LOCAL | G88: =UTAB!G94 -> 2024-2025 | H88: =UTAB!H94 -> 46014 | I88: =UTAB!I94 -> 46028 | J88: =+I88-H88+1 -> 15 | K88: =TEXT(I88,"dddd") -> martes | L88: =IF(H88>=TODAY(),"PENDIENTE","EJECUTADO") -> EJECUTADO
A89: =UTAB!A95 -> 33 | B89: =UTAB!B95 -> UT AMAZONAS BAGUA | C89: =UTAB!C95 -> 45961246 | D89: =UTAB!D95 -> ROJAS SOPLIN EULER | E89: =UTAB!E95 -> 42522 | F89: =UTAB!F95 -> GESTOR LOCAL | G89: =UTAB!G95 -> 2024-2025 | H89: =UTAB!H95 -> 45887 | I89: =UTAB!I95 -> 45900 | J89: =+I89-H89+1 -> 14 | K89: =TEXT(I89,"dddd") -> domingo | L89: =IF(H89>=TODAY(),"PENDIENTE","EJECUTADO") -> EJECUTADO
A90: =UTAB!A96 -> 33 | B90: =UTAB!B96 -> UT AMAZONAS BAGUA | C90: =UTAB!C96 -> 45961246 | D90: =UTAB!D96 -> ROJAS SOPLIN EULER | E90: =UTAB!E96 -> 42522 | F90: =UTAB!F96 -> GESTOR LOCAL | G90: =UTAB!G96 -> 2024-2025 | H90: =UTAB!H96 -> 46013 | I90: =UTAB!I96 -> 46028 | J90: =+I90-H90+1 -> 16 | K90: =TEXT(I90,"dddd") -> martes | L90: =IF(H90>=TODAY(),"PENDIENTE","EJECUTADO") -> EJECUTADO
... A103: =UTAB!A109 -> 40 | B103: =UTAB!B109 -> UT AMAZONAS BAGUA | C103: =UTAB!C109 -> 16461336 | D103: =UTAB!D109 -> VALENCIA ALCANTARA FRANKLIN EDGAR | E103: =UTAB!E109 -> 43374 | F103: =UTAB!F109 -> APOYO EN GESTIÓN ADMINISTRATIVA | G103: =UTAB!G109 -> 2024-2025 | H103: =UTAB!H109 -> 45873 | I103: =UTAB!I109 -> 45887 | J103: =+I103-H103+1 -> 15 | K103: =TEXT(I103,"dddd") -> lunes | L103: =IF(H103>=TODAY(),"PENDIENTE","EJECUTADO") -> EJECUTADO
A104: =UTAB!A111 -> 40 | B104: =UTAB!B111 -> UT AMAZONAS BAGUA | C104: =UTAB!C111 -> 16461337 | D104: =UTAB!D111 -> VALENCIA ALCANTARA FRANKLIN EDGAR | E104: =UTAB!E111 -> 43374 | F104: =UTAB!F111 -> APOYO EN GESTIÓN ADMINISTRATIVA | G104: =UTAB!G111 -> 2024-2025 | H104: =UTAB!H111 -> 45978 | I104: =UTAB!I111 -> 45984 | J104: =+I104-H104+1 -> 7 | K104: =TEXT(I104,"dddd") -> domingo | L104: =IF(H104>=TODAY(),"PENDIENTE","EJECUTADO") -> EJECUTADO
A105: =UTAB!A114 -> 41 | B105: =UTAB!B114 -> UT AMAZONAS BAGUA | C105: =UTAB!C114 -> 44613215 | D105: =UTAB!D114 -> VASQUEZ PAISIG EDWIN RAMIRO | E105: =UTAB!E114 -> 42027 | F105: =UTAB!F114 -> GESTOR LOCAL | G105: =UTAB!G114 -> 2024-2025 | H105: =UTAB!H114 -> 45719 | I105: =UTAB!I114 -> 45733 | J105: =+I105-H105+1 -> 15 | K105: =TEXT(I105,"dddd") -> lunes | L105: =IF(H105>=TODAY(),"PENDIENTE","EJECUTADO") -> EJECUTADO
A106: =UTAB!A115 -> 41 | B106: =UTAB!B115 -> UT AMAZONAS BAGUA | C106: =UTAB!C115 -> 44613215 | D106: =UTAB!D115 -> VASQUEZ PAISIG EDWIN RAMIRO | E106: =UTAB!E115 -> 42027 | F106: =UTAB!F115 -> GESTOR LOCAL | G106: =UTAB!G115 -> 2024-2025 | H106: =UTAB!H115 -> 45775 | I106: =UTAB!I115 -> 45789 | J106: =+I106-H106+1 -> 15 | K106: =TEXT(I106,"dddd") -> lunes | L106: =IF(H106>=TODAY(),"PENDIENTE","EJECUTADO") -> EJECUTADO
A107: =UTAB!A116 -> 42 | B107: =UTAB!B116 -> UT AMAZONAS BAGUA | C107: =UTAB!C116 -> 41650274 | D107: =UTAB!D116 -> VILLALOBOS BELLODAS CARLOS EDISON | E107: =UTAB!E116 -> 42326 | F107: =UTAB!F116 -> COORDINADOR TÉCNICO TERRITORIAL | G107: =UTAB!G116 -> 2024-2025 | H107: =UTAB!H116 -> 45666 | I107: =UTAB!I116 -> 45684 | J107: =+I107-H107+1 -> 19 | K107: =TEXT(I107,"dddd") -> lunes | L107: =IF(H107>=TODAY(),"PENDIENTE","EJECUTADO") -> EJECUTADO
A108: =UTAB!A117 -> 42 | B108: =UTAB!B117 -> UT AMAZONAS BAGUA | C108: =UTAB!C117 -> 41650274 | D108: =UTAB!D117 -> VILLALOBOS BELLODAS CARLOS EDISON | E108: =UTAB!E117 -> 42326 | F108: =UTAB!F117 -> COORDINADOR TÉCNICO TERRITORIAL | G108: =UTAB!G117 -> 2024-2025 | H108: =UTAB!H117 -> 45796 | I108: =UTAB!I117 -> 45806 | J108: =+I108-H108+1 -> 11 | K108: =TEXT(I108,"dddd") -> jueves | L108: =IF(H108>=TODAY(),"PENDIENTE","EJECUTADO") -> EJECUTADO
A109: =UTAB!A118 -> 43 | B109: =UTAB!B118 -> UT AMAZONAS BAGUA | C109: =UTAB!C118 -> 42014736 | D109: =UTAB!D118 -> ZAMORA LOJA JUAN ALBERTO | E109: =UTAB!E118 -> 41883 | F109: =UTAB!F118 -> COORDINADOR TÉCNICO ZONAL | G109: =UTAB!G118 -> 2024-2025 | H109: =UTAB!H118 -> 45966 | I109: =UTAB!I118 -> 45972 | J109: =+I109-H109+1 -> 7 | K109: =TEXT(I109,"dddd") -> martes | L109: =IF(H109>=TODAY(),"PENDIENTE","EJECUTADO") -> EJECUTADO
A110: =UTAB!A119 -> 43 | B110: =UTAB!B119 -> UT AMAZONAS BAGUA | C110: =UTAB!C119 -> 42014736 | D110: =UTAB!D119 -> ZAMORA LOJA JUAN ALBERTO | E110: =UTAB!E119 -> 41883 | F110: =UTAB!F119 -> COORDINADOR TÉCNICO ZONAL | G110: =UTAB!G119 -> 2024-2025 | H110: =UTAB!H119 -> 46069 | I110: =UTAB!I119 -> 46084 | J110: =+I110-H110+1 -> 16 | K110: =TEXT(I110,"dddd") -> martes | L110: =IF(H110>=TODAY(),"PENDIENTE","EJECUTADO") -> EJECUTADO
A111: =UTAB!A120 -> 44 | B111: =UTAB!B120 -> UT AMAZONAS BAGUA | C111: =UTAB!C120 -> 46721282 | D111: =UTAB!D120 -> ZAPATA DIAZ MANUEL FRANCISCO | E111: =UTAB!E120 -> 44608 | F111: =UTAB!F120 -> GESTOR LOCAL | G111: =UTAB!G120 -> 2024-2025 | H111: =UTAB!H120 -> 45958 | I111: =UTAB!I120 -> 45972 | J111: =+I111-H111+1 -> 15 | K111: =TEXT(I111,"dddd") -> martes | L111: =IF(H111>=TODAY(),"PENDIENTE","EJECUTADO") -> EJECUTADO
A112: =UTAB!A121 -> 44 | B112: =UTAB!B121 -> UT AMAZONAS BAGUA | C112: =UTAB!C121 -> 46721282 | D112: =UTAB!D121 -> ZAPATA DIAZ MANUEL FRANCISCO | E112: =UTAB!E121 -> 44608 | F112: =UTAB!F121 -> GESTOR LOCAL | G112: =UTAB!G121 -> 2024-2025 | H112: =UTAB!H121 -> 46014 | I112: =UTAB!I121 -> 46028 | J112: =+I112-H112+1 -> 15 | K112: =TEXT(I112,"dddd") -> martes | L112: =IF(H112>=TODAY(),"PENDIENTE","EJECUTADO") -> EJECUTADO
A113: =UTAB!A122 -> 45 | B113: =UTAB!B122 -> UT AMAZONAS BAGUA | C113: =UTAB!C122 -> 41366303 | D113: =UTAB!D122 -> ZELADA TORRES RIVELINO | E113: =UTAB!E122 -> 41229 | F113: =UTAB!F122 -> GESTOR LOCAL | G113: =UTAB!G122 -> 2024-2025 | H113: =UTAB!H122 -> 46006 | I113: =UTAB!I122 -> 46035 | J113: =+I113-H113+1 -> 30 | K113: =TEXT(I113,"dddd") -> martes | L113: =IF(H113>=TODAY(),"PENDIENTE","EJECUTADO") -> EJECUTADO
